{"cameraMode":{"drawMode":0,"name":"Shaded","section":"Shading Mode"},"sceneLighting":true,"audioPlay":false,"sceneViewState":{"showFog":true,"showMaterialUpdate":false,"showSkybox":true,"showFlares":true,"showImageEffects":true,"showParticleSystems":true},"in2DMode":false,"pivot":{"x":-3.9133708477020265,"y":-28.237323760986329,"z":60.22624206542969},"rotation":{"x":0.3023858666419983,"y":-0.05971284210681915,"z":0.018960701301693918,"w":0.951155960559845},"size":34.64845275878906,"orthographic":false}