{"cameraMode":{"drawMode":0,"name":"Shaded","section":"Shading Mode"},"sceneLighting":false,"audioPlay":false,"sceneViewState":{"m_AlwaysRefresh":false,"showFog":true,"showSkybox":false,"showFlares":true,"showImageEffects":true,"showParticleSystems":true,"showVisualEffectGraphs":true,"m_FxEnabled":true},"in2DMode":false,"pivot":{"x":0.21113763749599458,"y":2.1951022148132326,"z":7.416309356689453},"rotation":{"x":0.0005371090373955667,"y":0.9989707469940186,"z":-0.04379250854253769,"w":0.012288941070437432},"size":2.36602520942688,"orthographic":false}