{"cameraMode":{"drawMode":0,"name":"Shaded","section":"Shading Mode"},"sceneLighting":true,"audioPlay":false,"sceneViewState":{"showFog":true,"showMaterialUpdate":false,"showSkybox":true,"showFlares":true,"showImageEffects":true,"showParticleSystems":true},"in2DMode":false,"pivot":{"x":2.1945295333862306,"y":-16.209487915039064,"z":79.56532287597656},"rotation":{"x":0.12151207774877548,"y":-0.0011822797823697329,"z":0.00013420305913314223,"w":0.9926243424415588},"size":37.531429290771487,"orthographic":false}