{"cameraMode":{"drawMode":0,"name":"Shaded","section":"Shading Mode"},"sceneLighting":false,"audioPlay":false,"sceneViewState":{"showFog":true,"showMaterialUpdate":false,"showSkybox":false,"showFlares":true,"showImageEffects":true,"showParticleSystems":true},"in2DMode":false,"pivot":{"x":14.23839282989502,"y":0.9549503922462463,"z":-0.27311229705810549},"rotation":{"x":-0.30638980865478518,"y":0.11584678292274475,"z":-0.03759593144059181,"w":-0.9440930485725403},"size":1.8500529527664185,"orthographic":false}