{"cameraMode":{"drawMode":0,"name":"Shaded","section":"Shading Mode"},"sceneLighting":true,"audioPlay":false,"sceneViewState":{"showFog":true,"showMaterialUpdate":false,"showSkybox":true,"showFlares":true,"showImageEffects":true,"showParticleSystems":true},"in2DMode":false,"pivot":{"x":-2.3574862480163576,"y":7.076180934906006,"z":-25.3656063079834},"rotation":{"x":0.0013710747007280589,"y":0.9974055886268616,"z":-0.06924069672822952,"w":0.01975211873650551},"size":21.899839401245118,"orthographic":false}