{"cameraMode":{"drawMode":0,"name":"Shaded","section":"Shading Mode"},"sceneLighting":true,"audioPlay":false,"sceneViewState":{"showFog":true,"showMaterialUpdate":false,"showSkybox":true,"showFlares":true,"showImageEffects":true,"showParticleSystems":true},"in2DMode":false,"pivot":{"x":1.092946171760559,"y":9.492074966430664,"z":-3.6787548065185549},"rotation":{"x":0.0006930971285328269,"y":0.9988584518432617,"z":-0.04528890550136566,"w":0.015284708701074124},"size":14.165892601013184,"orthographic":false}