{"cameraMode":{"drawMode":0,"name":"Shaded","section":"Shading Mode"},"sceneLighting":true,"audioPlay":false,"sceneViewState":{"showFog":true,"showMaterialUpdate":false,"showSkybox":true,"showFlares":true,"showImageEffects":true,"showParticleSystems":true},"in2DMode":false,"pivot":{"x":-14.783190727233887,"y":-14.767091751098633,"z":-24.47907829284668},"rotation":{"x":-0.07927681505680084,"y":0.914638876914978,"z":-0.21976898610591889,"w":-0.3299349546432495},"size":20.148765563964845,"orthographic":false}