{"cameraMode":{"drawMode":0,"name":"Shaded","section":"Shading Mode"},"sceneLighting":true,"audioPlay":false,"sceneViewState":{"showFog":true,"showMaterialUpdate":false,"showSkybox":true,"showFlares":true,"showImageEffects":true,"showParticleSystems":true},"in2DMode":false,"pivot":{"x":-26.093080520629884,"y":-17.537282943725587,"z":-4.065729141235352},"rotation":{"x":-0.20292021334171296,"y":0.6649548411369324,"z":-0.195038840174675,"w":-0.6918236017227173},"size":20.148765563964845,"orthographic":false}