{"cameraMode":{"drawMode":0,"name":"Shaded","section":"Shading Mode"},"sceneLighting":false,"audioPlay":false,"sceneViewState":{"m_AlwaysRefresh":false,"showFog":true,"showSkybox":false,"showFlares":true,"showImageEffects":true,"showParticleSystems":true,"showVisualEffectGraphs":true,"m_FxEnabled":true},"in2DMode":false,"pivot":{"x":-4.389999866485596,"y":0.7799999713897705,"z":4.369999885559082},"rotation":{"x":-0.016931982710957528,"y":0.9830678701400757,"z":-0.13083338737487794,"w":-0.12722310423851014},"size":0.6123724579811096,"orthographic":false}