{"cameraMode":{"drawMode":0,"name":"Shaded","section":"Shading Mode"},"sceneLighting":false,"audioPlay":false,"sceneViewState":{"m_AlwaysRefresh":false,"showFog":true,"showSkybox":false,"showFlares":true,"showImageEffects":true,"showParticleSystems":true,"showVisualEffectGraphs":true,"m_FxEnabled":true},"in2DMode":false,"pivot":{"x":-0.27250105142593386,"y":1.9893916845321656,"z":-1.1238127946853638},"rotation":{"x":-0.0014336274471133948,"y":0.9973891377449036,"z":-0.06923924386501312,"w":-0.02064795419573784},"size":2.36602520942688,"orthographic":false}