{"cameraMode":{"drawMode":0,"name":"Shaded","section":"Shading Mode"},"sceneLighting":true,"audioPlay":false,"sceneViewState":{"showFog":true,"showMaterialUpdate":false,"showSkybox":true,"showFlares":true,"showImageEffects":true,"showParticleSystems":true},"in2DMode":false,"pivot":{"x":7.042891502380371,"y":-77.62318420410156,"z":30.533491134643556},"rotation":{"x":0.5276198387145996,"y":0.0762358233332634,"z":-0.047599874436855319,"w":0.8447372317314148},"size":45.66356658935547,"orthographic":false}