{"cameraMode":{"drawMode":0,"name":"Shaded","section":"Shading Mode"},"sceneLighting":true,"audioPlay":false,"sceneViewState":{"m_AlwaysRefresh":false,"showFog":true,"showSkybox":true,"showFlares":true,"showImageEffects":true,"showParticleSystems":true,"showVisualEffectGraphs":true,"m_FxEnabled":true},"in2DMode":false,"pivot":{"x":-0.9311959743499756,"y":-16.4595947265625,"z":38.453216552734378},"rotation":{"x":-0.24127894639968873,"y":0.09212230890989304,"z":-0.023014767095446588,"w":-0.9658100605010986},"size":22.08478546142578,"orthographic":false}